SetPoint [°C],Timestamp,Chamber temperature [°C],Reference temperature [°C],DUT temperature [°C], Ref. 2 temperature [°C], Ambiente temperature [°C]
20,"04.02.2021 15:00:40",23.142,24.27,23.625,23.88,23.48
20,"04.02.2021 15:00:44",23.146,24.26,23.625,23.86,23.48
20,"04.02.2021 15:00:48",23.028,24.25,23.5625,23.85,23.47
20,"04.02.2021 15:00:52",22.835,24.24,23.625,23.84,23.46
20,"04.02.2021 15:00:56",22.509,24.23,23.5625,23.83,23.46
20,"04.02.2021 15:01:00",22.071,24.22,23.5625,23.82,23.46
20,"04.02.2021 15:01:04",21.592,24.2,23.5625,23.81,23.46
20,"04.02.2021 15:01:08",21.179,24.19,23.5625,23.8,23.46
20,"04.02.2021 15:01:12",20.882,24.18,23.5625,23.78,23.43
20,"04.02.2021 15:01:16",20.677,24.16,23.5,23.77,23.45
20,"04.02.2021 15:01:20",20.555,24.14,23.5,23.76,23.45
20,"04.02.2021 15:01:23",20.508,24.12,23.5,23.75,23.45
20,"04.02.2021 15:01:27",20.62,24.1,23.5,23.72,23.46
20,"04.02.2021 15:01:31",20.668,24.07,23.5,23.71,23.45
20,"04.02.2021 15:01:35",20.698,24.04,23.4375,23.69,23.43
20,"04.02.2021 15:01:39",20.697,24.01,23.4375,23.66,23.45
20,"04.02.2021 15:01:43",20.666,23.97,23.4375,23.65,23.45
20,"04.02.2021 15:01:47",20.612,23.96,23.4375,23.62,23.43
20,"04.02.2021 15:01:51",20.503,23.92,23.375,23.6,23.43
20,"04.02.2021 15:01:55",20.372,23.9,23.3125,23.58,23.43
20,"04.02.2021 15:01:59",20.341,23.86,23.3125,23.56,23.43
20,"04.02.2021 15:02:03",20.291,23.84,23.3125,23.53,23.43
20,"04.02.2021 15:02:07",20.168,23.8,23.25,23.51,23.43
20,"04.02.2021 15:02:11",20.142,23.77,23.25,23.49,23.43
20,"04.02.2021 15:02:15",20.108,23.74,23.25,23.46,23.43
20,"04.02.2021 15:02:19",20.078,23.71,23.1875,23.43,23.43
20,"04.02.2021 15:02:22",20.054,23.69,23.1875,23.41,23.43
20,"04.02.2021 15:02:26",20.043,23.65,23.125,23.38,23.43
20,"04.02.2021 15:02:30",20.039,23.61,23.0625,23.35,23.43
20,"04.02.2021 15:02:34",20.038,23.58,23.0625,23.32,23.43
20,"04.02.2021 15:02:38",20.039,23.54,23,23.3,23.43
20,"04.02.2021 15:02:42",20.04,23.51,23,23.27,23.43
20,"04.02.2021 15:02:46",20.04,23.48,22.9375,23.24,23.43
20,"04.02.2021 15:02:50",20.04,23.45,22.9375,23.21,23.42
20,"04.02.2021 15:02:54",20.037,23.41,22.875,23.18,23.41
20,"04.02.2021 15:02:58",20.034,23.38,22.875,23.16,23.41
20,"04.02.2021 15:03:02",20.03,23.35,22.8125,23.12,23.41
20,"04.02.2021 15:03:06",20.025,23.31,22.8125,23.1,23.41
20,"04.02.2021 15:03:10",20.02,23.29,22.75,23.07,23.39
20,"04.02.2021 15:03:13",20.016,23.25,22.75,23.03,23.38
20,"04.02.2021 15:03:17",20.013,23.22,22.75,23.01,23.38
20,"04.02.2021 15:03:21",20.01,23.19,22.6875,22.97,23.38
20,"04.02.2021 15:03:25",20.008,23.15,22.625,22.95,23.38
20,"04.02.2021 15:03:29",20.007,23.12,22.625,22.91,23.38
20,"04.02.2021 15:03:33",20.006,23.09,22.5625,22.88,23.38
20,"04.02.2021 15:03:37",20.006,23.06,22.5625,22.86,23.39
20,"04.02.2021 15:03:41",20.005,23.03,22.5,22.82,23.39
20,"04.02.2021 15:03:45",20.005,23,22.5,22.8,23.41
20,"04.02.2021 15:03:49",20.005,22.98,22.4375,22.76,23.41
20,"04.02.2021 15:03:53",20.005,22.95,22.4375,22.74,23.41
20,"04.02.2021 15:03:57",20.005,22.93,22.375,22.7,23.41
20,"04.02.2021 15:04:01",20.007,22.9,22.375,22.67,23.41
20,"04.02.2021 15:04:04",20.012,22.86,22.3125,22.65,23.42
20,"04.02.2021 15:04:08",20.011,22.84,22.3125,22.61,23.42
20,"04.02.2021 15:04:12",20.008,22.81,22.25,22.59,23.42
20,"04.02.2021 15:04:16",20.004,22.77,22.25,22.56,23.41
20,"04.02.2021 15:04:20",20.001,22.73,22.1875,22.53,23.42
20,"04.02.2021 15:04:24",19.998,22.71,22.1875,22.5,23.42
20,"04.02.2021 15:04:28",19.996,22.69,22.1875,22.47,23.42
20,"04.02.2021 15:04:32",19.996,22.65,22.125,22.45,23.42
20,"04.02.2021 15:04:36",19.996,22.63,22.125,22.42,23.41
20,"04.02.2021 15:04:40",19.997,22.6,22.0625,22.39,23.42
20,"04.02.2021 15:04:44",19.998,22.58,22.0625,22.36,23.39
20,"04.02.2021 15:04:48",19.999,22.55,22.0625,22.33,23.39
20,"04.02.2021 15:04:52",20,22.53,22,22.31,23.39
20,"04.02.2021 15:04:56",20.001,22.5,22,22.28,23.39
20,"04.02.2021 15:05:00",20.002,22.49,21.9375,22.25,23.39
20,"04.02.2021 15:05:03",20.002,22.46,21.9375,22.23,23.39
20,"04.02.2021 15:05:07",20.002,22.44,21.875,22.2,23.39
20,"04.02.2021 15:05:11",20.002,22.41,21.875,22.18,23.39
20,"04.02.2021 15:05:15",20.002,22.38,21.875,22.15,23.39
20,"04.02.2021 15:05:19",20.001,22.36,21.8125,22.13,23.41
20,"04.02.2021 15:05:23",20.001,22.34,21.8125,22.1,23.42
20,"04.02.2021 15:05:27",20.001,22.31,21.8125,22.07,23.42
20,"04.02.2021 15:05:31",20,22.29,21.75,22.05,23.43
20,"04.02.2021 15:05:35",20,22.27,21.75,22.02,23.43
20,"04.02.2021 15:05:39",20,22.24,21.6875,22,23.45
20,"04.02.2021 15:05:43",20,22.23,21.6875,21.98,23.46
20,"04.02.2021 15:05:47",19.999,22.2,21.6875,21.95,23.46
20,"04.02.2021 15:05:51",20,22.17,21.625,21.93,23.46
20,"04.02.2021 15:05:55",20,22.15,21.625,21.9,23.46
20,"04.02.2021 15:05:59",20,22.13,21.5625,21.88,23.46
20,"04.02.2021 15:06:03",20,22.11,21.5625,21.86,23.46
20,"04.02.2021 15:06:06",20,22.09,21.5625,21.83,23.46
20,"04.02.2021 15:06:10",20,22.07,21.5625,21.81,23.46
20,"04.02.2021 15:06:14",20,22.05,21.5,21.79,23.46
20,"04.02.2021 15:06:18",20,22.02,21.5,21.77,23.46
20,"04.02.2021 15:06:22",20,22,21.5,21.75,23.46
20,"04.02.2021 15:06:26",20,21.98,21.4375,21.73,23.46
20,"04.02.2021 15:06:30",20,21.97,21.4375,21.71,23.46
20,"04.02.2021 15:06:34",20,21.95,21.4375,21.68,23.46
20,"04.02.2021 15:06:38",20,21.93,21.375,21.67,23.46
20,"04.02.2021 15:06:42",20,21.91,21.375,21.64,23.46
20,"04.02.2021 15:06:46",20,21.89,21.3125,21.63,23.46
20,"04.02.2021 15:06:50",20,21.88,21.3125,21.6,23.46
20,"04.02.2021 15:06:54",20,21.86,21.3125,21.58,23.46
20,"04.02.2021 15:06:58",20,21.84,21.3125,21.57,23.46
20,"04.02.2021 15:07:01",20,21.82,21.3125,21.55,23.46
20,"04.02.2021 15:07:05",20,21.8,21.25,21.53,23.46
20,"04.02.2021 15:07:09",20,21.79,21.25,21.51,23.43
20,"04.02.2021 15:07:13",20,21.77,21.25,21.49,23.42
20,"04.02.2021 15:07:17",20,21.76,21.1875,21.47,23.42
20,"04.02.2021 15:07:21",20,21.74,21.1875,21.45,23.42
20,"04.02.2021 15:07:25",20,21.72,21.1875,21.44,23.42
20,"04.02.2021 15:07:29",20,21.71,21.1875,21.42,23.43
20,"04.02.2021 15:07:33",20,21.69,21.1875,21.4,23.43
20,"04.02.2021 15:07:37",20,21.67,21.125,21.39,23.43
20,"04.02.2021 15:07:41",20,21.66,21.125,21.36,23.43
20,"04.02.2021 15:07:45",20,21.64,21.125,21.35,23.43
20,"04.02.2021 15:07:49",20,21.62,21.0625,21.33,23.46
20,"04.02.2021 15:07:53",20,21.6,21.0625,21.32,23.46
20,"04.02.2021 15:07:56",20,21.59,21.0625,21.3,23.46
20,"04.02.2021 15:08:00",20,21.57,21.0625,21.29,23.46
20,"04.02.2021 15:08:04",20,21.55,21,21.27,23.46
20,"04.02.2021 15:08:08",20,21.54,21,21.25,23.46
20,"04.02.2021 15:08:12",20,21.52,21,21.24,23.46
20,"04.02.2021 15:08:16",20,21.51,21,21.22,23.46
20,"04.02.2021 15:08:20",20,21.49,21,21.21,23.46
20,"04.02.2021 15:08:24",20,21.48,21,21.19,23.46
20,"04.02.2021 15:08:28",20,21.47,20.9375,21.18,23.46
20,"04.02.2021 15:08:32",20,21.46,20.9375,21.17,23.46
20,"04.02.2021 15:08:36",20,21.45,20.9375,21.15,23.45
20,"04.02.2021 15:08:40",20,21.43,20.9375,21.14,23.43
20,"04.02.2021 15:08:44",20,21.42,20.875,21.12,23.43
20,"04.02.2021 15:08:48",20,21.41,20.875,21.11,23.43
20,"04.02.2021 15:08:51",20,21.4,20.875,21.1,23.43
20,"04.02.2021 15:08:55",20,21.38,20.875,21.08,23.43
20,"04.02.2021 15:08:59",20,21.37,20.8125,21.07,23.43
20,"04.02.2021 15:09:03",20,21.36,20.8125,21.06,23.42
20,"04.02.2021 15:09:07",20,21.35,20.8125,21.05,23.41
20,"04.02.2021 15:09:11",20,21.34,20.8125,21.03,23.39
20,"04.02.2021 15:09:15",20,21.32,20.8125,21.02,23.39
20,"04.02.2021 15:09:19",20,21.31,20.8125,21.01,23.41
20,"04.02.2021 15:09:23",20,21.3,20.75,20.99,23.41
20,"04.02.2021 15:09:27",20,21.29,20.75,20.99,23.39
20,"04.02.2021 15:09:31",20,21.28,20.75,20.97,23.39
20,"04.02.2021 15:09:35",20,21.26,20.75,20.96,23.38
20,"04.02.2021 15:09:39",20,21.26,20.75,20.95,23.38
20,"04.02.2021 15:09:42",20,21.23,20.75,20.94,23.38
20,"04.02.2021 15:09:46",20,21.22,20.6875,20.93,23.38
20,"04.02.2021 15:09:50",20,21.21,20.75,20.92,23.38
20,"04.02.2021 15:09:54",20,21.2,20.6875,20.9,23.38
20,"04.02.2021 15:09:58",20,21.19,20.6875,20.89,23.37
20,"04.02.2021 15:10:02",20,21.18,20.6875,20.88,23.36
20,"04.02.2021 15:10:06",20,21.17,20.6875,20.87,23.36
20,"04.02.2021 15:10:10",20,21.16,20.6875,20.86,23.36
20,"04.02.2021 15:10:14",20,21.15,20.6875,20.85,23.36
20,"04.02.2021 15:10:18",20,21.14,20.625,20.84,23.36
20,"04.02.2021 15:10:22",20,21.13,20.625,20.83,23.37
20,"04.02.2021 15:10:26",20,21.12,20.625,20.82,23.38
20,"04.02.2021 15:10:30",20,21.11,20.625,20.81,23.38
20,"04.02.2021 15:10:34",20,21.1,20.625,20.8,23.39
20,"04.02.2021 15:10:37",20,21.09,20.625,20.79,23.39
20,"04.02.2021 15:10:41",20,21.08,20.625,20.78,23.39
20,"04.02.2021 15:10:45",20,21.08,20.5625,20.77,23.39
20,"04.02.2021 15:10:49",20,21.07,20.5625,20.76,23.39
20,"04.02.2021 15:10:53",20,21.06,20.5625,20.75,23.39
20,"04.02.2021 15:10:57",20,21.05,20.5625,20.74,23.39
20,"04.02.2021 15:11:01",20,21.04,20.5,20.74,23.39
20,"04.02.2021 15:11:05",20,21.03,20.5625,20.73,23.39
20,"04.02.2021 15:11:09",20,21.02,20.5,20.72,23.39
20,"04.02.2021 15:11:13",20,21.02,20.5,20.71,23.41
20,"04.02.2021 15:11:17",20,21.01,20.5,20.7,23.41
20,"04.02.2021 15:11:21",20,21,20.5,20.69,23.41
20,"04.02.2021 15:11:25",20,21,20.5,20.69,23.42
20,"04.02.2021 15:11:29",20,20.99,20.5,20.68,23.41
20,"04.02.2021 15:11:33",20,20.99,20.5,20.67,23.39
20,"04.02.2021 15:11:36",20,20.98,20.5,20.66,23.41
20,"04.02.2021 15:11:40",20,20.97,20.4375,20.65,23.41
20,"04.02.2021 15:11:44",20,20.96,20.4375,20.64,23.39
20,"04.02.2021 15:11:48",20,20.95,20.4375,20.64,23.39
20,"04.02.2021 15:11:52",20,20.95,20.4375,20.63,23.38
20,"04.02.2021 15:11:56",20,20.94,20.4375,20.62,23.38
20,"04.02.2021 15:12:00",20,20.92,20.4375,20.62,23.38
20,"04.02.2021 15:12:04",20,20.92,20.4375,20.61,23.37
20,"04.02.2021 15:12:08",20,20.91,20.4375,20.6,23.37
20,"04.02.2021 15:12:12",20,20.9,20.4375,20.59,23.36
20,"04.02.2021 15:12:16",20,20.9,20.375,20.59,23.36
20,"04.02.2021 15:12:20",20,20.89,20.4375,20.58,23.36
20,"04.02.2021 15:12:24",20,20.88,20.375,20.57,23.37
20,"04.02.2021 15:12:28",20,20.87,20.375,20.57,23.36
20,"04.02.2021 15:12:31",20,20.87,20.375,20.56,23.37
20,"04.02.2021 15:12:35",20,20.86,20.375,20.55,23.36
20,"04.02.2021 15:12:39",20,20.86,20.375,20.55,23.35
20,"04.02.2021 15:12:43",20,20.84,20.375,20.54,23.36
20,"04.02.2021 15:12:47",20,20.83,20.375,20.54,23.36
20,"04.02.2021 15:12:51",20,20.83,20.375,20.53,23.37
20,"04.02.2021 15:12:55",20,20.82,20.3125,20.52,23.37
20,"04.02.2021 15:12:59",20,20.81,20.3125,20.51,23.38
20,"04.02.2021 15:13:03",20,20.81,20.375,20.51,23.37
20,"04.02.2021 15:13:07",20,20.8,20.3125,20.5,23.38
20,"04.02.2021 15:13:11",20,20.8,20.3125,20.5,23.38
20,"04.02.2021 15:13:15",20,20.79,20.3125,20.49,23.39
20,"04.02.2021 15:13:19",20,20.79,20.3125,20.49,23.41
20,"04.02.2021 15:13:23",20,20.78,20.3125,20.48,23.41
20,"04.02.2021 15:13:26",20,20.78,20.3125,20.47,23.39
20,"04.02.2021 15:13:30",20,20.77,20.3125,20.47,23.39
20,"04.02.2021 15:13:34",20,20.76,20.3125,20.46,23.41
20,"04.02.2021 15:13:38",20,20.76,20.3125,20.46,23.41
20,"04.02.2021 15:13:42",20,20.75,20.3125,20.45,23.41
20,"04.02.2021 15:13:46",20,20.75,20.25,20.45,23.41
20,"04.02.2021 15:13:50",20,20.74,20.3125,20.44,23.41
20,"04.02.2021 15:13:54",20,20.74,20.25,20.44,23.41
20,"04.02.2021 15:13:58",20,20.73,20.25,20.43,23.42
20,"04.02.2021 15:14:02",20,20.73,20.25,20.43,23.42
20,"04.02.2021 15:14:06",20,20.72,20.25,20.42,23.41
20,"04.02.2021 15:14:10",20,20.72,20.25,20.42,23.39
20,"04.02.2021 15:14:14",20,20.71,20.25,20.41,23.38
20,"04.02.2021 15:14:17",20,20.71,20.25,20.41,23.39
20,"04.02.2021 15:14:21",20,20.7,20.25,20.4,23.39
20,"04.02.2021 15:14:25",20,20.7,20.25,20.4,23.38
20,"04.02.2021 15:14:29",20,20.69,20.25,20.39,23.38
20,"04.02.2021 15:14:33",20,20.69,20.25,20.39,23.37
20,"04.02.2021 15:14:37",20,20.69,20.25,20.39,23.37
20,"04.02.2021 15:14:41",20,20.68,20.1875,20.38,23.37
20,"04.02.2021 15:14:45",20,20.68,20.1875,20.38,23.38
20,"04.02.2021 15:14:49",20,20.67,20.1875,20.37,23.39
20,"04.02.2021 15:14:53",20,20.67,20.1875,20.37,23.39
20,"04.02.2021 15:14:57",20,20.66,20.1875,20.36,23.39
20,"04.02.2021 15:15:01",20,20.66,20.1875,20.36,23.39
20,"04.02.2021 15:15:05",20,20.66,20.1875,20.36,23.41
20,"04.02.2021 15:15:09",20,20.65,20.1875,20.35,23.41
20,"04.02.2021 15:15:12",20,20.65,20.1875,20.35,23.43
20,"04.02.2021 15:15:16",20,20.64,20.1875,20.34,23.43
20,"04.02.2021 15:15:20",20,20.64,20.1875,20.34,23.43
20,"04.02.2021 15:15:24",20,20.64,20.1875,20.34,23.43
20,"04.02.2021 15:15:28",20,20.63,20.1875,20.33,23.43
20,"04.02.2021 15:15:32",20,20.63,20.1875,20.33,23.43
20,"04.02.2021 15:15:36",20,20.63,20.1875,20.33,23.42
20,"04.02.2021 15:15:40",20,20.62,20.1875,20.32,23.42
20,"04.02.2021 15:15:44",20,20.62,20.1875,20.32,23.42
20,"04.02.2021 15:15:48",20,20.61,20.1875,20.31,23.42
20,"04.02.2021 15:15:52",20,20.61,20.125,20.31,23.42
20,"04.02.2021 15:15:56",20,20.61,20.1875,20.31,23.42
20,"04.02.2021 15:16:00",20,20.6,20.125,20.3,23.43
20,"04.02.2021 15:16:04",20,20.6,20.125,20.3,23.43
20,"04.02.2021 15:16:08",20,20.6,20.125,20.3,23.43
20,"04.02.2021 15:16:11",20,20.59,20.125,20.29,23.42
20,"04.02.2021 15:16:15",20,20.59,20.125,20.29,23.42
20,"04.02.2021 15:16:19",20,20.59,20.125,20.29,23.42
20,"04.02.2021 15:16:23",20,20.58,20.125,20.28,23.41
20,"04.02.2021 15:16:27",20,20.58,20.125,20.28,23.41
20,"04.02.2021 15:16:31",20,20.58,20.125,20.28,23.39
20,"04.02.2021 15:16:35",20,20.58,20.125,20.27,23.39
20,"04.02.2021 15:16:39",20,20.57,20.125,20.27,23.39
20,"04.02.2021 15:16:43",20,20.57,20.125,20.27,23.39
20,"04.02.2021 15:16:47",20,20.57,20.125,20.26,23.39
20,"04.02.2021 15:16:51",20,20.56,20.125,20.26,23.39
20,"04.02.2021 15:16:55",20,20.56,20.125,20.26,23.39
20,"04.02.2021 15:16:59",20,20.56,20.125,20.26,23.39
20,"04.02.2021 15:17:03",20,20.55,20.125,20.25,23.39
20,"04.02.2021 15:17:06",20,20.55,20.125,20.25,23.39
20,"04.02.2021 15:17:10",20,20.55,20.125,20.25,23.39
20,"04.02.2021 15:17:14",20,20.55,20.125,20.25,23.38
20,"04.02.2021 15:17:18",20,20.54,20.125,20.24,23.39
20,"04.02.2021 15:17:22",20,20.54,20.0625,20.24,23.39
20,"04.02.2021 15:17:26",20,20.54,20.0625,20.24,23.38
20,"04.02.2021 15:17:30",20,20.54,20.0625,20.24,23.39
20,"04.02.2021 15:17:34",20,20.53,20.125,20.23,23.38
20,"04.02.2021 15:17:38",20,20.53,20.0625,20.23,23.38
20,"04.02.2021 15:17:42",20,20.53,20.0625,20.23,23.38
20,"04.02.2021 15:17:46",20,20.53,20.0625,20.23,23.39
20,"04.02.2021 15:17:50",20,20.52,20.0625,20.22,23.39
20,"04.02.2021 15:17:54",20,20.52,20.0625,20.22,23.39
20,"04.02.2021 15:17:57",20,20.52,20.125,20.22,23.38
20,"04.02.2021 15:18:01",20,20.52,20.0625,20.22,23.39
20,"04.02.2021 15:18:05",20,20.51,20.0625,20.21,23.39
20,"04.02.2021 15:18:09",20,20.51,20.0625,20.21,23.39
20,"04.02.2021 15:18:13",20,20.51,20.0625,20.21,23.41
20,"04.02.2021 15:18:17",20,20.51,20.0625,20.21,23.41
20,"04.02.2021 15:18:21",20,20.5,20.0625,20.2,23.39
20,"04.02.2021 15:18:25",20,20.5,20.0625,20.2,23.41
20,"04.02.2021 15:18:29",20,20.5,20.0625,20.2,23.39
20,"04.02.2021 15:18:33",20,20.5,20.0625,20.2,23.41
20,"04.02.2021 15:18:37",20,20.5,20.0625,20.2,23.41
20,"04.02.2021 15:18:41",20,20.5,20.0625,20.19,23.41
20,"04.02.2021 15:18:45",20,20.5,20.0625,20.19,23.41
20,"04.02.2021 15:18:49",20,20.5,20.0625,20.19,23.41
20,"04.02.2021 15:18:53",20,20.5,20.0625,20.19,23.41
20,"04.02.2021 15:18:56",20,20.5,20.0625,20.19,23.42
20,"04.02.2021 15:19:00",20,20.49,20.0625,20.18,23.42
20,"04.02.2021 15:19:04",20,20.49,20.0625,20.18,23.42
20,"04.02.2021 15:19:08",20,20.49,20.0625,20.18,23.42
20,"04.02.2021 15:19:12",20,20.49,20.0625,20.18,23.42
20,"04.02.2021 15:19:16",20,20.49,20.0625,20.18,23.41
20,"04.02.2021 15:19:20",20,20.48,20,20.17,23.42
20,"04.02.2021 15:19:24",20,20.48,20,20.17,23.42
20,"04.02.2021 15:19:28",20,20.48,20.0625,20.17,23.41
20,"04.02.2021 15:19:32",20,20.48,20.0625,20.17,23.41
20,"04.02.2021 15:19:36",20,20.48,20.0625,20.17,23.41
20,"04.02.2021 15:19:40",20,20.48,20,20.17,23.41
20,"04.02.2021 15:19:44",20,20.46,20,20.16,23.39
20,"04.02.2021 15:19:48",20,20.46,20,20.16,23.37
20,"04.02.2021 15:19:51",20,20.46,20,20.16,23.38
20,"04.02.2021 15:19:55",20,20.46,20,20.16,23.37
20,"04.02.2021 15:19:59",20,20.46,20,20.16,23.38
20,"04.02.2021 15:20:03",20,20.46,20,20.16,23.38
20,"04.02.2021 15:20:07",20,20.45,20.0625,20.15,23.38
20,"04.02.2021 15:20:11",20,20.45,20,20.15,23.37
20,"04.02.2021 15:20:15",20,20.45,20,20.15,23.37
20,"04.02.2021 15:20:19",20,20.45,20,20.15,23.37
20,"04.02.2021 15:20:23",20,20.45,20,20.15,23.38
20,"04.02.2021 15:20:27",20,20.45,20,20.15,23.38
20,"04.02.2021 15:20:31",20,20.44,20,20.15,23.39
20,"04.02.2021 15:20:35",20,20.44,20,20.14,23.39
20,"04.02.2021 15:20:39",20,20.44,20,20.14,23.38
20,"04.02.2021 15:20:42",20,20.44,20,20.14,23.38
20,"04.02.2021 15:20:46",20,20.44,20,20.14,23.38
20,"04.02.2021 15:20:50",20,20.44,20,20.14,23.39
20,"04.02.2021 15:20:54",20,20.44,20,20.14,23.39
20,"04.02.2021 15:20:58",20,20.43,20,20.14,23.38
20,"04.02.2021 15:21:02",20,20.43,20,20.14,23.38
20,"04.02.2021 15:21:06",20,20.43,20,20.13,23.39
20,"04.02.2021 15:21:10",20,20.43,20,20.13,23.37
20,"04.02.2021 15:21:14",20,20.43,20,20.13,23.37
20,"04.02.2021 15:21:18",20,20.43,20,20.13,23.36
20,"04.02.2021 15:21:22",20,20.43,20,20.13,23.36
20,"04.02.2021 15:21:26",20,20.43,20,20.13,23.36
20,"04.02.2021 15:21:30",20,20.42,20,20.13,23.36
20,"04.02.2021 15:21:34",20,20.42,20,20.13,23.37
20,"04.02.2021 15:21:38",20,20.42,20,20.12,23.37
20,"04.02.2021 15:21:42",20,20.42,20,20.12,23.37
20,"04.02.2021 15:21:45",20,20.42,19.9375,20.12,23.37
20,"04.02.2021 15:21:49",20,20.42,20,20.12,23.38
20,"04.02.2021 15:21:53",20,20.42,19.9375,20.12,23.38
20,"04.02.2021 15:21:57",20,20.42,20,20.12,23.39
20,"04.02.2021 15:22:01",20,20.41,20,20.12,23.38
20,"04.02.2021 15:22:05",20,20.41,19.9375,20.12,23.37
20,"04.02.2021 15:22:09",20,20.41,20,20.12,23.38
20,"04.02.2021 15:22:13",20,20.41,20,20.11,23.38
20,"04.02.2021 15:22:17",20,20.41,20,20.11,23.39
20,"04.02.2021 15:22:21",20,20.41,20,20.11,23.39
20,"04.02.2021 15:22:25",20,20.41,20,20.11,23.41
20,"04.02.2021 15:22:29",20,20.41,20,20.11,23.41
20,"04.02.2021 15:22:33",20,20.41,20,20.11,23.43
20,"04.02.2021 15:22:36",20,20.4,20,20.11,23.46
20,"04.02.2021 15:22:40",20,20.4,19.9375,20.11,23.46
20,"04.02.2021 15:22:44",20,20.4,20,20.11,23.46
20,"04.02.2021 15:22:48",20,20.4,19.9375,20.11,23.46
20,"04.02.2021 15:22:52",20,20.4,20,20.1,23.46
20,"04.02.2021 15:22:56",20,20.4,19.9375,20.1,23.46
20,"04.02.2021 15:23:00",20,20.4,19.9375,20.1,23.46
20,"04.02.2021 15:23:04",20,20.4,19.9375,20.1,23.46
20,"04.02.2021 15:23:08",20,20.4,19.9375,20.1,23.46
20,"04.02.2021 15:23:12",20,20.4,20,20.1,23.46
20,"04.02.2021 15:23:16",20,20.4,20,20.1,23.45
20,"04.02.2021 15:23:20",20,20.39,20,20.1,23.43
20,"04.02.2021 15:23:24",20,20.39,19.9375,20.1,23.42
20,"04.02.2021 15:23:28",20,20.39,19.9375,20.1,23.41
20,"04.02.2021 15:23:32",20,20.39,19.9375,20.1,23.38
20,"04.02.2021 15:23:35",20,20.39,19.9375,20.1,23.37
20,"04.02.2021 15:23:39",20,20.39,20,20.1,23.36
20,"04.02.2021 15:23:43",20,20.39,19.9375,20.09,23.35
20,"04.02.2021 15:23:47",20,20.39,19.9375,20.09,23.35
20,"04.02.2021 15:23:51",20,20.39,20,20.09,23.35
20,"04.02.2021 15:23:55",20,20.39,19.9375,20.09,23.35
20,"04.02.2021 15:23:59",20,20.39,19.9375,20.09,23.34
20,"04.02.2021 15:24:03",20,20.39,20,20.09,23.33
20,"04.02.2021 15:24:07",20,20.39,19.9375,20.09,23.32
20,"04.02.2021 15:24:11",20,20.38,19.9375,20.09,23.3
20,"04.02.2021 15:24:15",20,20.38,19.9375,20.09,23.29
20,"04.02.2021 15:24:19",20,20.38,19.9375,20.09,23.29
20,"04.02.2021 15:24:23",20,20.38,19.9375,20.09,23.29
20,"04.02.2021 15:24:26",20,20.38,19.9375,20.09,23.29
20,"04.02.2021 15:24:30",20,20.38,19.9375,20.08,23.28
20,"04.02.2021 15:24:34",20,20.38,19.9375,20.08,23.27
20,"04.02.2021 15:24:38",20,20.38,19.9375,20.08,23.27
20,"04.02.2021 15:24:42",20,20.38,19.9375,20.08,23.25
20,"04.02.2021 15:24:46",20,20.38,19.9375,20.08,23.24
20,"04.02.2021 15:24:50",20,20.38,19.9375,20.08,23.24
20,"04.02.2021 15:24:54",20,20.38,19.9375,20.08,23.23
20,"04.02.2021 15:24:58",20,20.38,19.9375,20.08,23.21
20,"04.02.2021 15:25:02",20,20.38,19.9375,20.08,23.21
20,"04.02.2021 15:25:06",20,20.37,19.9375,20.08,23.21
20,"04.02.2021 15:25:10",20,20.37,19.9375,20.08,23.2
20,"04.02.2021 15:25:14",20,20.37,19.9375,20.08,23.2
20,"04.02.2021 15:25:18",20,20.37,19.9375,20.08,23.18
20,"04.02.2021 15:25:21",20,20.37,19.9375,20.08,23.18
20,"04.02.2021 15:25:25",20,20.37,19.9375,20.08,23.17
20,"04.02.2021 15:25:29",20,20.37,19.9375,20.08,23.17
20,"04.02.2021 15:25:33",20,20.37,19.9375,20.08,23.16
20,"04.02.2021 15:25:37",20,20.37,19.9375,20.07,23.15
20,"04.02.2021 15:25:41",20,20.37,19.9375,20.07,23.15
20,"04.02.2021 15:25:45",20,20.37,19.9375,20.07,23.15
20,"04.02.2021 15:25:49",20,20.37,19.9375,20.07,23.15
20,"04.02.2021 15:25:53",20,20.37,19.9375,20.07,23.15
20,"04.02.2021 15:25:57",20,20.37,19.9375,20.07,23.15
20,"04.02.2021 15:26:01",20,20.37,19.9375,20.07,23.15
20,"04.02.2021 15:26:05",19.999,20.37,19.9375,20.07,23.14
20,"04.02.2021 15:26:09",19.999,20.36,19.9375,20.07,23.1
20,"04.02.2021 15:26:13",20,20.36,19.9375,20.07,23.09
20,"04.02.2021 15:26:17",20,20.36,19.9375,20.07,23.08
20,"04.02.2021 15:26:20",20,20.36,19.9375,20.07,23.07
20,"04.02.2021 15:26:24",20,20.36,19.9375,20.07,23.06
20,"04.02.2021 15:26:28",20,20.36,19.9375,20.07,23.05
20,"04.02.2021 15:26:32",20,20.36,19.9375,20.07,23.04
20,"04.02.2021 15:26:36",20,20.36,19.9375,20.07,23.03
20,"04.02.2021 15:26:40",20,20.36,19.9375,20.07,23.04
20,"04.02.2021 15:26:44",20,20.36,19.9375,20.07,23.03
20,"04.02.2021 15:26:48",20,20.36,19.9375,20.06,23.04
20,"04.02.2021 15:26:52",19.999,20.36,19.9375,20.06,23.05
20,"04.02.2021 15:26:56",20,20.36,19.9375,20.06,23.04
20,"04.02.2021 15:27:00",20,20.36,19.9375,20.06,23.04
20,"04.02.2021 15:27:04",20,20.36,19.9375,20.06,23.03
40,"04.02.2021 15:27:08",20,20.36,19.9375,20.06,23.03
40,"04.02.2021 15:27:12",20,20.36,19.9375,20.06,23.03
40,"04.02.2021 15:27:15",20.127,20.36,19.9375,20.06,23.01
40,"04.02.2021 15:27:19",20.424,20.36,19.9375,20.06,23.01
40,"04.02.2021 15:27:23",20.973,20.36,19.9375,20.06,23.01
40,"04.02.2021 15:27:27",21.772,20.36,19.9375,20.06,23.01
40,"04.02.2021 15:27:31",22.651,20.36,19.9375,20.06,23
40,"04.02.2021 15:27:35",23.548,20.36,19.9375,20.06,23
40,"04.02.2021 15:27:39",24.464,20.37,19.9375,20.06,22.99
40,"04.02.2021 15:27:43",25.39,20.38,19.9375,20.07,22.99
40,"04.02.2021 15:27:47",26.307,20.39,19.9375,20.07,22.98
40,"04.02.2021 15:27:51",27.128,20.41,19.9375,20.08,22.97
40,"04.02.2021 15:27:55",28.069,20.43,20,20.1,22.97
40,"04.02.2021 15:27:59",29.014,20.48,20,20.11,22.97
40,"04.02.2021 15:28:03",29.947,20.51,20,20.13,22.97
40,"04.02.2021 15:28:07",30.894,20.55,20,20.16,22.95
40,"04.02.2021 15:28:10",31.844,20.61,20.0625,20.19,22.93
40,"04.02.2021 15:28:14",32.674,20.67,20.125,20.22,22.93
40,"04.02.2021 15:28:18",33.507,20.73,20.1875,20.26,22.93
40,"04.02.2021 15:28:22",34.561,20.8,20.25,20.3,22.93
40,"04.02.2021 15:28:26",35.499,20.9,20.3125,20.36,22.92
40,"04.02.2021 15:28:30",36.173,21,20.375,20.41,22.92
40,"04.02.2021 15:28:34",36.697,21.08,20.4375,20.48,22.91
40,"04.02.2021 15:28:38",37.006,21.19,20.5625,20.56,22.9
40,"04.02.2021 15:28:42",37.033,21.3,20.625,20.62,22.9
40,"04.02.2021 15:28:46",37.016,21.43,20.6875,20.72,22.9
40,"04.02.2021 15:28:50",36.8,21.55,20.8125,20.78,22.91
40,"04.02.2021 15:28:54",36.453,21.68,20.9375,20.88,22.9
40,"04.02.2021 15:28:58",36.23,21.82,21.0625,20.96,22.9
40,"04.02.2021 15:29:02",36.035,21.94,21.1875,21.07,22.9
40,"04.02.2021 15:29:05",35.984,22.09,21.3125,21.19,22.9
40,"04.02.2021 15:29:09",35.996,22.22,21.4375,21.27,22.88
40,"04.02.2021 15:29:13",36.212,22.36,21.5625,21.4,22.87
40,"04.02.2021 15:29:17",36.527,22.51,21.75,21.48,22.86
40,"04.02.2021 15:29:21",36.645,22.63,21.875,21.62,22.85
40,"04.02.2021 15:29:25",36.768,22.77,22,21.75,22.84
40,"04.02.2021 15:29:29",36.977,22.92,22.125,21.85,22.84
40,"04.02.2021 15:29:33",37.093,23.05,22.3125,21.98,22.83
40,"04.02.2021 15:29:37",37.294,23.18,22.4375,22.09,22.83
40,"04.02.2021 15:29:41",37.555,23.33,22.5625,22.22,22.83
40,"04.02.2021 15:29:45",37.877,23.5,22.75,22.33,22.84
40,"04.02.2021 15:29:49",37.994,23.61,22.875,22.46,22.84
40,"04.02.2021 15:29:53",38.028,23.76,23.0625,22.6,22.85
40,"04.02.2021 15:29:57",38.23,23.88,23.1875,22.72,22.85
40,"04.02.2021 15:30:01",38.44,24.04,23.3125,22.86,22.85
40,"04.02.2021 15:30:04",38.649,24.22,23.5,22.98,22.85
40,"04.02.2021 15:30:08",38.769,24.32,23.625,23.13,22.86
40,"04.02.2021 15:30:12",38.972,24.5,23.8125,23.27,22.87
40,"04.02.2021 15:30:16",39.088,24.6,23.9375,23.4,22.87
40,"04.02.2021 15:30:20",39.286,24.8,24.125,23.55,22.87
40,"04.02.2021 15:30:24",39.407,24.96,24.25,23.67,22.88
40,"04.02.2021 15:30:28",39.526,25.08,24.375,23.82,22.88
40,"04.02.2021 15:30:32",39.571,25.24,24.5625,23.95,22.88
40,"04.02.2021 15:30:36",39.683,25.38,24.6875,24.11,22.88
40,"04.02.2021 15:30:40",39.715,25.54,24.875,24.26,22.89
40,"04.02.2021 15:30:44",39.76,25.67,25,24.39,22.88
40,"04.02.2021 15:30:48",39.802,25.83,25.1875,24.55,22.87
40,"04.02.2021 15:30:52",39.839,25.99,25.3125,24.68,22.86
40,"04.02.2021 15:30:56",39.869,26.13,25.5,24.84,22.86
40,"04.02.2021 15:30:59",39.892,26.28,25.6875,25.02,22.86
40,"04.02.2021 15:31:03",39.91,26.42,25.8125,25.13,22.86
40,"04.02.2021 15:31:07",39.923,26.58,25.9375,25.32,22.86
40,"04.02.2021 15:31:11",39.936,26.74,26.125,25.43,22.86
40,"04.02.2021 15:31:15",39.945,26.87,26.25,25.62,22.86
40,"04.02.2021 15:31:19",39.954,27.02,26.4375,25.73,22.85
40,"04.02.2021 15:31:23",39.961,27.15,26.5625,25.92,22.85
40,"04.02.2021 15:31:27",39.967,27.31,26.75,26.08,22.85
40,"04.02.2021 15:31:31",39.971,27.44,26.875,26.19,22.85
40,"04.02.2021 15:31:35",39.975,27.59,27,26.38,22.84
40,"04.02.2021 15:31:39",39.979,27.73,27.1875,26.48,22.84
40,"04.02.2021 15:31:43",39.982,27.88,27.3125,26.67,22.84
40,"04.02.2021 15:31:47",39.985,28.01,27.4375,26.83,22.84
40,"04.02.2021 15:31:50",39.987,28.14,27.625,26.96,22.83
40,"04.02.2021 15:31:54",39.989,28.28,27.75,27.11,22.83
40,"04.02.2021 15:31:58",39.991,28.46,27.875,27.24,22.83
40,"04.02.2021 15:32:02",39.992,28.55,28,27.39,22.82
40,"04.02.2021 15:32:06",39.994,28.71,28.1875,27.52,22.79
40,"04.02.2021 15:32:10",39.995,28.81,28.3125,27.67,22.78
40,"04.02.2021 15:32:14",39.996,28.97,28.4375,27.82,22.77
40,"04.02.2021 15:32:18",39.997,29.07,28.5625,27.95,22.77
40,"04.02.2021 15:32:22",39.997,29.2,28.75,28.1,22.76
40,"04.02.2021 15:32:26",39.998,29.36,28.875,28.22,22.75
40,"04.02.2021 15:32:30",39.998,29.45,28.9375,28.36,22.75
40,"04.02.2021 15:32:34",39.999,29.59,29.125,28.48,22.73
40,"04.02.2021 15:32:38",39.999,29.7,29.25,28.63,22.73
40,"04.02.2021 15:32:41",39.999,29.84,29.375,28.77,22.72
40,"04.02.2021 15:32:45",39.999,29.94,29.5,28.89,22.71
40,"04.02.2021 15:32:49",39.999,30.07,29.625,29.02,22.72
40,"04.02.2021 15:32:53",40,30.19,29.75,29.14,22.72
40,"04.02.2021 15:32:57",40,30.31,29.875,29.27,22.7
40,"04.02.2021 15:33:01",39.996,30.43,30,29.39,22.7
40,"04.02.2021 15:33:05",39.994,30.53,30.0625,29.52,22.7
40,"04.02.2021 15:33:09",39.997,30.64,30.1875,29.65,22.7
40,"04.02.2021 15:33:13",39.999,30.74,30.3125,29.76,22.68
40,"04.02.2021 15:33:17",40.001,30.85,30.4375,29.88,22.68
40,"04.02.2021 15:33:21",40.003,30.96,30.5625,29.99,22.68
40,"04.02.2021 15:33:25",40.004,31.05,30.625,30.12,22.68
40,"04.02.2021 15:33:29",40.003,31.18,30.75,30.22,22.68
40,"04.02.2021 15:33:32",40.004,31.27,30.875,30.34,22.67
40,"04.02.2021 15:33:36",40.002,31.38,30.9375,30.48,22.67
40,"04.02.2021 15:33:40",40.002,31.48,31.125,30.56,22.67
40,"04.02.2021 15:33:44",40.001,31.57,31.1875,30.7,22.67
40,"04.02.2021 15:33:48",40.001,31.69,31.3125,30.78,22.67
40,"04.02.2021 15:33:52",40.001,31.78,31.375,30.91,22.67
40,"04.02.2021 15:33:56",40.001,31.88,31.5,31.02,22.68
40,"04.02.2021 15:34:00",40.001,31.95,31.625,31.12,22.68
40,"04.02.2021 15:34:04",40.001,32.07,31.6875,31.23,22.67
40,"04.02.2021 15:34:08",40,32.18,31.8125,31.32,22.67
40,"04.02.2021 15:34:12",40.001,32.25,31.875,31.43,22.67
40,"04.02.2021 15:34:16",40.001,32.37,32,31.51,22.67
40,"04.02.2021 15:34:20",40.001,32.43,32.0625,31.62,22.67
40,"04.02.2021 15:34:23",40.002,32.51,32.1875,31.72,22.65
40,"04.02.2021 15:34:27",40.002,32.6,32.25,31.81,22.65
40,"04.02.2021 15:34:31",40.001,32.69,32.3125,31.91,22.65
40,"04.02.2021 15:34:35",40,32.8,32.4375,31.99,22.65
40,"04.02.2021 15:34:39",40,32.87,32.5,32.1,22.65
40,"04.02.2021 15:34:43",40.001,32.97,32.625,32.19,22.65
40,"04.02.2021 15:34:47",40.001,33.03,32.6875,32.29,22.65
40,"04.02.2021 15:34:51",40.001,33.13,32.75,32.39,22.67
40,"04.02.2021 15:34:55",40.002,33.23,32.875,32.48,22.65
40,"04.02.2021 15:34:59",40,33.3,32.9375,32.57,22.65
40,"04.02.2021 15:35:03",40.001,33.38,33,32.66,22.64
40,"04.02.2021 15:35:07",40.001,33.45,33.0625,32.75,22.63
40,"04.02.2021 15:35:11",40.001,33.54,33.1875,32.85,22.62
40,"04.02.2021 15:35:15",40.001,33.6,33.25,32.93,22.62
40,"04.02.2021 15:35:19",40.001,33.69,33.3125,33.02,22.62
40,"04.02.2021 15:35:22",40.001,33.78,33.375,33.1,22.62
40,"04.02.2021 15:35:26",40.001,33.84,33.5,33.19,22.63
40,"04.02.2021 15:35:30",40.002,33.91,33.5625,33.26,22.63
40,"04.02.2021 15:35:34",40,33.97,33.625,33.35,22.63
40,"04.02.2021 15:35:38",40,34.06,33.6875,33.45,22.62
40,"04.02.2021 15:35:42",40.001,34.14,33.75,33.51,22.62
40,"04.02.2021 15:35:46",40.002,34.19,33.8125,33.61,22.64
40,"04.02.2021 15:35:50",40.001,34.26,33.9375,33.66,22.64
40,"04.02.2021 15:35:54",40.001,34.33,34,33.76,22.62
40,"04.02.2021 15:35:58",40.001,34.4,34.0625,33.84,22.62
40,"04.02.2021 15:36:02",40.001,34.45,34.125,33.91,22.62
40,"04.02.2021 15:36:06",40.001,34.52,34.1875,33.99,22.62
40,"04.02.2021 15:36:10",40,34.59,34.25,34.04,22.61
40,"04.02.2021 15:36:14",40.001,34.66,34.3125,34.13,22.6
40,"04.02.2021 15:36:17",40,34.73,34.375,34.18,22.6
40,"04.02.2021 15:36:21",40.001,34.78,34.4375,34.27,22.58
40,"04.02.2021 15:36:25",40,34.85,34.5,34.34,22.57
40,"04.02.2021 15:36:29",40.001,34.91,34.5625,34.4,22.56
40,"04.02.2021 15:36:33",40.001,34.97,34.625,34.47,22.55
40,"04.02.2021 15:36:37",40,35.04,34.6875,34.53,22.55
40,"04.02.2021 15:36:41",40.001,35.09,34.75,34.6,22.55
40,"04.02.2021 15:36:45",40.001,35.16,34.8125,34.67,22.55
40,"04.02.2021 15:36:49",40.001,35.21,34.875,34.72,22.55
40,"04.02.2021 15:36:53",40.001,35.28,34.9375,34.79,22.55
40,"04.02.2021 15:36:57",40.001,35.34,35,34.85,22.55
40,"04.02.2021 15:37:01",40,35.38,35.0625,34.91,22.55
40,"04.02.2021 15:37:05",40.001,35.44,35.0625,34.97,22.55
40,"04.02.2021 15:37:09",40.001,35.49,35.125,35.03,22.55
40,"04.02.2021 15:37:12",40.001,35.56,35.1875,35.09,22.55
40,"04.02.2021 15:37:16",40,35.59,35.25,35.14,22.55
40,"04.02.2021 15:37:20",40,35.66,35.3125,35.2,22.55
40,"04.02.2021 15:37:24",40.001,35.72,35.3125,35.25,22.55
40,"04.02.2021 15:37:28",40.001,35.76,35.375,35.31,22.55
40,"04.02.2021 15:37:32",40.001,35.82,35.4375,35.37,22.55
40,"04.02.2021 15:37:36",40.001,35.85,35.5,35.42,22.55
40,"04.02.2021 15:37:40",40,35.9,35.5625,35.48,22.55
40,"04.02.2021 15:37:44",40,35.95,35.5625,35.52,22.55
40,"04.02.2021 15:37:48",40,35.99,35.625,35.58,22.55
40,"04.02.2021 15:37:52",40,36.05,35.6875,35.62,22.55
40,"04.02.2021 15:37:56",40,36.1,35.6875,35.68,22.55
40,"04.02.2021 15:38:00",40,36.15,35.75,35.74,22.55
40,"04.02.2021 15:38:03",40,36.19,35.8125,35.77,22.55
40,"04.02.2021 15:38:07",40,36.24,35.8125,35.83,22.54
40,"04.02.2021 15:38:11",40,36.28,35.875,35.87,22.54
40,"04.02.2021 15:38:15",40.001,36.32,35.9375,35.92,22.55
40,"04.02.2021 15:38:19",40,36.37,36,35.96,22.54
40,"04.02.2021 15:38:23",40,36.41,36.0625,36.01,22.54
40,"04.02.2021 15:38:27",40,36.45,36.0625,36.06,22.54
40,"04.02.2021 15:38:31",40,36.5,36.125,36.09,22.54
40,"04.02.2021 15:38:35",40,36.53,36.125,36.15,22.53
40,"04.02.2021 15:38:39",40,36.58,36.1875,36.18,22.53
40,"04.02.2021 15:38:43",40.001,36.61,36.25,36.23,22.54
40,"04.02.2021 15:38:47",40,36.67,36.25,36.28,22.54
40,"04.02.2021 15:38:51",40,36.7,36.3125,36.31,22.54
40,"04.02.2021 15:38:54",40,36.74,36.375,36.36,22.54
40,"04.02.2021 15:38:58",40,36.79,36.375,36.39,22.54
40,"04.02.2021 15:39:02",40,36.82,36.4375,36.44,22.5
40,"04.02.2021 15:39:06",40,36.85,36.4375,36.47,22.49
40,"04.02.2021 15:39:10",40,36.88,36.5,36.51,22.49
40,"04.02.2021 15:39:14",40,36.92,36.5625,36.55,22.48
40,"04.02.2021 15:39:18",40,36.98,36.5625,36.59,22.49
40,"04.02.2021 15:39:22",40,37,36.625,36.63,22.48
40,"04.02.2021 15:39:26",40,37.04,36.625,36.66,22.47
40,"04.02.2021 15:39:30",40,37.07,36.625,36.7,22.47
40,"04.02.2021 15:39:34",40,37.11,36.6875,36.74,22.47
40,"04.02.2021 15:39:38",40,37.14,36.75,36.77,22.47
40,"04.02.2021 15:39:42",40,37.18,36.75,36.8,22.47
40,"04.02.2021 15:39:45",40,37.21,36.8125,36.83,22.47
40,"04.02.2021 15:39:49",40,37.25,36.8125,36.87,22.47
40,"04.02.2021 15:39:53",40,37.29,36.875,36.9,22.47
40,"04.02.2021 15:39:57",40,37.32,36.875,36.94,22.47
40,"04.02.2021 15:40:01",40,37.34,36.875,36.97,22.47
40,"04.02.2021 15:40:05",40,37.36,36.9375,37,22.47
40,"04.02.2021 15:40:09",40,37.4,36.9375,37.03,22.46
40,"04.02.2021 15:40:13",40,37.43,37,37.06,22.47
40,"04.02.2021 15:40:17",40,37.46,37.0625,37.09,22.46
40,"04.02.2021 15:40:21",40,37.49,37.0625,37.12,22.46
40,"04.02.2021 15:40:25",40,37.52,37.125,37.15,22.45
40,"04.02.2021 15:40:29",40,37.55,37.125,37.18,22.43
40,"04.02.2021 15:40:32",40,37.57,37.1875,37.21,22.43
40,"04.02.2021 15:40:36",40,37.6,37.1875,37.24,22.43
40,"04.02.2021 15:40:40",40,37.63,37.1875,37.26,22.43
40,"04.02.2021 15:40:44",40,37.66,37.25,37.3,22.43
40,"04.02.2021 15:40:48",40,37.69,37.1875,37.32,22.43
40,"04.02.2021 15:40:52",40,37.71,37.25,37.35,22.43
40,"04.02.2021 15:40:56",40,37.74,37.3125,37.38,22.43
40,"04.02.2021 15:41:00",40,37.77,37.3125,37.4,22.43
40,"04.02.2021 15:41:04",40,37.79,37.375,37.43,22.43
40,"04.02.2021 15:41:08",40,37.82,37.375,37.45,22.42
40,"04.02.2021 15:41:12",40,37.84,37.375,37.48,22.43
40,"04.02.2021 15:41:16",40,37.86,37.4375,37.51,22.42
40,"04.02.2021 15:41:20",40,37.89,37.4375,37.53,22.43
40,"04.02.2021 15:41:23",40,37.91,37.4375,37.56,22.43
40,"04.02.2021 15:41:27",40,37.94,37.5,37.58,22.43
40,"04.02.2021 15:41:31",40,37.96,37.5,37.61,22.42
40,"04.02.2021 15:41:35",40,37.98,37.5,37.62,22.42
40,"04.02.2021 15:41:39",40,38,37.5625,37.65,22.41
40,"04.02.2021 15:41:43",40,38.03,37.5625,37.68,22.41
40,"04.02.2021 15:41:47",40,38.05,37.625,37.69,22.41
40,"04.02.2021 15:41:51",40,38.07,37.625,37.72,22.4
40,"04.02.2021 15:41:55",40,38.1,37.625,37.74,22.4
40,"04.02.2021 15:41:59",40,38.12,37.6875,37.76,22.4
40,"04.02.2021 15:42:03",40,38.15,37.6875,37.78,22.4
40,"04.02.2021 15:42:07",40,38.16,37.6875,37.8,22.39
40,"04.02.2021 15:42:11",40,38.19,37.75,37.83,22.39
40,"04.02.2021 15:42:15",40,38.21,37.75,37.84,22.39
40,"04.02.2021 15:42:18",40,38.23,37.75,37.87,22.39
40,"04.02.2021 15:42:22",40,38.25,37.75,37.88,22.39
40,"04.02.2021 15:42:26",40,38.27,37.8125,37.9,22.4
40,"04.02.2021 15:42:30",40,38.29,37.8125,37.92,22.39
40,"04.02.2021 15:42:34",40,38.3,37.8125,37.94,22.4
40,"04.02.2021 15:42:38",40,38.32,37.8125,37.96,22.41
40,"04.02.2021 15:42:42",40,38.34,37.875,37.98,22.41
40,"04.02.2021 15:42:46",40,38.35,37.875,38,22.4
40,"04.02.2021 15:42:50",40,38.37,37.875,38.02,22.4
40,"04.02.2021 15:42:54",40,38.39,37.9375,38.04,22.4
40,"04.02.2021 15:42:58",40,38.42,37.9375,38.06,22.39
40,"04.02.2021 15:43:02",40,38.44,37.9375,38.08,22.38
40,"04.02.2021 15:43:06",40,38.45,37.9375,38.1,22.38
40,"04.02.2021 15:43:10",40,38.47,38,38.12,22.36
40,"04.02.2021 15:43:13",40,38.49,38,38.13,22.36
40,"04.02.2021 15:43:17",40,38.5,38,38.15,22.36
40,"04.02.2021 15:43:21",40,38.52,38,38.17,22.36
40,"04.02.2021 15:43:25",40,38.54,38,38.19,22.36
40,"04.02.2021 15:43:29",40,38.55,38.0625,38.2,22.36
40,"04.02.2021 15:43:33",40,38.57,38.0625,38.22,22.36
40,"04.02.2021 15:43:37",40,38.58,38.0625,38.24,22.36
40,"04.02.2021 15:43:41",40,38.6,38.0625,38.25,22.36
40,"04.02.2021 15:43:45",40,38.61,38.125,38.27,22.36
40,"04.02.2021 15:43:49",40,38.63,38.125,38.29,22.36
40,"04.02.2021 15:43:53",40,38.64,38.125,38.31,22.38
40,"04.02.2021 15:43:57",40,38.66,38.125,38.32,22.38
40,"04.02.2021 15:44:01",40,38.67,38.1875,38.34,22.36
40,"04.02.2021 15:44:05",40,38.7,38.1875,38.36,22.38
40,"04.02.2021 15:44:08",40,38.71,38.1875,38.36,22.38
40,"04.02.2021 15:44:12",40,38.73,38.1875,38.38,22.36
40,"04.02.2021 15:44:16",40,38.74,38.1875,38.39,22.36
40,"04.02.2021 15:44:20",40,38.75,38.25,38.41,22.36
40,"04.02.2021 15:44:24",40,38.77,38.25,38.43,22.36
40,"04.02.2021 15:44:28",40,38.78,38.25,38.44,22.36
40,"04.02.2021 15:44:32",40,38.79,38.3125,38.46,22.38
40,"04.02.2021 15:44:36",40,38.8,38.3125,38.47,22.36
40,"04.02.2021 15:44:40",40,38.81,38.3125,38.48,22.36
40,"04.02.2021 15:44:44",40,38.82,38.3125,38.5,22.36
40,"04.02.2021 15:44:48",40,38.83,38.3125,38.51,22.36
40,"04.02.2021 15:44:52",40,38.85,38.3125,38.52,22.35
40,"04.02.2021 15:44:56",40,38.86,38.3125,38.54,22.35
40,"04.02.2021 15:45:00",40,38.87,38.375,38.55,22.35
40,"04.02.2021 15:45:03",40,38.88,38.375,38.56,22.35
40,"04.02.2021 15:45:07",40,38.89,38.375,38.57,22.36
40,"04.02.2021 15:45:11",40,38.91,38.375,38.59,22.38
40,"04.02.2021 15:45:15",40,38.92,38.375,38.6,22.38
40,"04.02.2021 15:45:19",40,38.93,38.375,38.61,22.36
40,"04.02.2021 15:45:23",40,38.94,38.4375,38.62,22.38
40,"04.02.2021 15:45:27",40,38.95,38.4375,38.64,22.36
40,"04.02.2021 15:45:31",40,38.96,38.4375,38.65,22.36
40,"04.02.2021 15:45:35",40,38.97,38.4375,38.66,22.36
40,"04.02.2021 15:45:39",40,38.98,38.4375,38.67,22.36
40,"04.02.2021 15:45:43",40,39.01,38.5,38.68,22.35
40,"04.02.2021 15:45:47",40,39.01,38.4375,38.69,22.34
40,"04.02.2021 15:45:51",40,39.03,38.5,38.71,22.34
40,"04.02.2021 15:45:54",40,39.03,38.5,38.71,22.34
40,"04.02.2021 15:45:58",40,39.04,38.5,38.72,22.33
40,"04.02.2021 15:46:02",40,39.05,38.5,38.73,22.34
40,"04.02.2021 15:46:06",40,39.06,38.5,38.75,22.34
40,"04.02.2021 15:46:10",40,39.07,38.5,38.75,22.33
40,"04.02.2021 15:46:14",40,39.08,38.5,38.76,22.33
40,"04.02.2021 15:46:18",40,39.09,38.5625,38.78,22.33
40,"04.02.2021 15:46:22",40,39.1,38.5625,38.78,22.32
40,"04.02.2021 15:46:26",40,39.11,38.5625,38.8,22.33
40,"04.02.2021 15:46:30",40,39.12,38.5625,38.8,22.32
40,"04.02.2021 15:46:34",40,39.13,38.5625,38.81,22.32
40,"04.02.2021 15:46:38",40,39.13,38.5625,38.82,22.32
40,"04.02.2021 15:46:42",40,39.14,38.625,38.83,22.31
40,"04.02.2021 15:46:46",40,39.15,38.625,38.84,22.3
40,"04.02.2021 15:46:50",40,39.16,38.625,38.85,22.3
40,"04.02.2021 15:46:53",40,39.17,38.625,38.86,22.31
40,"04.02.2021 15:46:57",40,39.18,38.625,38.87,22.3
40,"04.02.2021 15:47:01",40,39.18,38.625,38.88,22.3
40,"04.02.2021 15:47:05",40,39.19,38.625,38.88,22.31
40,"04.02.2021 15:47:09",40,39.19,38.625,38.89,22.3
40,"04.02.2021 15:47:13",40,39.2,38.6875,38.9,22.3
40,"04.02.2021 15:47:17",40,39.21,38.6875,38.91,22.3
40,"04.02.2021 15:47:21",40,39.21,38.6875,38.92,22.3
40,"04.02.2021 15:47:25",40,39.22,38.6875,38.93,22.3
40,"04.02.2021 15:47:29",40,39.23,38.6875,38.93,22.29
40,"04.02.2021 15:47:33",40,39.24,38.6875,38.94,22.3
40,"04.02.2021 15:47:37",40,39.24,38.6875,38.95,22.3
40,"04.02.2021 15:47:41",40,39.25,38.6875,38.95,22.29
40,"04.02.2021 15:47:44",40,39.26,38.6875,38.96,22.29
40,"04.02.2021 15:47:48",40,39.26,38.75,38.97,22.29
40,"04.02.2021 15:47:52",40,39.28,38.75,38.98,22.29
40,"04.02.2021 15:47:56",40,39.29,38.75,38.98,22.29
40,"04.02.2021 15:48:00",40,39.29,38.6875,38.99,22.29
40,"04.02.2021 15:48:04",40,39.29,38.75,39,22.29
40,"04.02.2021 15:48:08",40,39.3,38.75,39,22.29
40,"04.02.2021 15:48:12",40,39.3,38.75,39.01,22.29
40,"04.02.2021 15:48:16",40,39.31,38.75,39.02,22.29
40,"04.02.2021 15:48:20",40,39.32,38.75,39.02,22.29
40,"04.02.2021 15:48:24",40,39.32,38.75,39.03,22.3
40,"04.02.2021 15:48:28",40,39.33,38.8125,39.04,22.29
40,"04.02.2021 15:48:32",40,39.33,38.75,39.04,22.29
40,"04.02.2021 15:48:36",40,39.34,38.8125,39.05,22.28
40,"04.02.2021 15:48:39",40,39.35,38.8125,39.06,22.28
40,"04.02.2021 15:48:43",40,39.35,38.8125,39.06,22.28
40,"04.02.2021 15:48:47",40,39.36,38.8125,39.07,22.28
40,"04.02.2021 15:48:51",40,39.36,38.8125,39.07,22.28
40,"04.02.2021 15:48:55",40,39.37,38.8125,39.08,22.28
40,"04.02.2021 15:48:59",40,39.37,38.8125,39.09,22.27
40,"04.02.2021 15:49:03",40,39.38,38.8125,39.09,22.28
40,"04.02.2021 15:49:07",40,39.38,38.8125,39.1,22.27
40,"04.02.2021 15:49:11",40,39.39,38.8125,39.1,22.28
40,"04.02.2021 15:49:15",40,39.39,38.8125,39.11,22.28
40,"04.02.2021 15:49:19",40,39.4,38.8125,39.11,22.28
40,"04.02.2021 15:49:23",40,39.4,38.875,39.12,22.27
40,"04.02.2021 15:49:27",40,39.41,38.875,39.12,22.27
40,"04.02.2021 15:49:31",40,39.41,38.8125,39.13,22.28
40,"04.02.2021 15:49:34",40,39.42,38.875,39.14,22.28
40,"04.02.2021 15:49:38",40,39.42,38.875,39.14,22.28
40,"04.02.2021 15:49:42",40,39.43,38.875,39.14,22.26
40,"04.02.2021 15:49:46",40,39.43,38.875,39.15,22.26
40,"04.02.2021 15:49:50",40,39.44,38.875,39.15,22.25
40,"04.02.2021 15:49:54",40,39.44,38.875,39.16,22.25
40,"04.02.2021 15:49:58",40,39.45,38.875,39.16,22.26
40,"04.02.2021 15:50:02",40,39.45,38.875,39.17,22.26
40,"04.02.2021 15:50:06",40,39.46,38.875,39.17,22.25
40,"04.02.2021 15:50:10",40,39.46,38.875,39.18,22.25
40,"04.02.2021 15:50:14",40,39.47,38.9375,39.18,22.26
40,"04.02.2021 15:50:18",40,39.47,38.9375,39.19,22.25
40,"04.02.2021 15:50:22",40,39.47,38.9375,39.19,22.25
40,"04.02.2021 15:50:25",40,39.48,38.9375,39.2,22.25
40,"04.02.2021 15:50:29",40,39.48,38.9375,39.2,22.25
40,"04.02.2021 15:50:33",40,39.49,38.9375,39.2,22.25
40,"04.02.2021 15:50:37",40,39.49,38.9375,39.21,22.24
40,"04.02.2021 15:50:41",40,39.49,38.9375,39.21,22.25
40,"04.02.2021 15:50:45",40,39.5,38.9375,39.22,22.25
40,"04.02.2021 15:50:49",40,39.5,38.9375,39.22,22.25
40,"04.02.2021 15:50:53",40,39.51,38.9375,39.22,22.25
40,"04.02.2021 15:50:57",40,39.51,38.9375,39.23,22.25
40,"04.02.2021 15:51:01",40,39.51,38.9375,39.23,22.25
40,"04.02.2021 15:51:05",40,39.52,39,39.23,22.25
40,"04.02.2021 15:51:09",40,39.52,38.9375,39.24,22.25
40,"04.02.2021 15:51:12",40,39.52,38.9375,39.24,22.25
40,"04.02.2021 15:51:16",40,39.53,39,39.25,22.25
40,"04.02.2021 15:51:20",40,39.53,38.9375,39.25,22.24
40,"04.02.2021 15:51:24",40,39.53,38.9375,39.25,22.25
40,"04.02.2021 15:51:28",40,39.54,39,39.26,22.24
40,"04.02.2021 15:51:32",40,39.54,39,39.26,22.24
40,"04.02.2021 15:51:36",40,39.54,38.9375,39.26,22.24
40,"04.02.2021 15:51:40",40,39.55,38.9375,39.27,22.24
40,"04.02.2021 15:51:44",40,39.55,39,39.27,22.24
40,"04.02.2021 15:51:48",40,39.55,39,39.27,22.24
40,"04.02.2021 15:51:52",40,39.56,39,39.28,22.24
40,"04.02.2021 15:51:56",40,39.56,39,39.28,22.24
40,"04.02.2021 15:52:00",40,39.56,39,39.28,22.24
40,"04.02.2021 15:52:03",40,39.56,39,39.29,22.24
40,"04.02.2021 15:52:07",40,39.58,39,39.29,22.24
40,"04.02.2021 15:52:11",40,39.58,39,39.29,22.24
40,"04.02.2021 15:52:15",40,39.58,39,39.3,22.24
40,"04.02.2021 15:52:19",40,39.59,39,39.3,22.24
40,"04.02.2021 15:52:23",40,39.59,39,39.3,22.23
40,"04.02.2021 15:52:27",40,39.59,39,39.3,22.23
40,"04.02.2021 15:52:31",40,39.59,39,39.31,22.21
40,"04.02.2021 15:52:35",40,39.6,39,39.31,22.21
40,"04.02.2021 15:52:39",40,39.6,39,39.31,22.21
40,"04.02.2021 15:52:43",40,39.6,39,39.32,22.21
40,"04.02.2021 15:52:47",40,39.61,39,39.32,22.21
40,"04.02.2021 15:52:51",40,39.61,39,39.32,22.21
40,"04.02.2021 15:52:54",40,39.61,39,39.32,22.21
40,"04.02.2021 15:52:58",40,39.61,39,39.33,22.21
40,"04.02.2021 15:53:02",40,39.62,39,39.33,22.2
40,"04.02.2021 15:53:06",40,39.62,39.0625,39.33,22.2
40,"04.02.2021 15:53:10",40,39.62,39,39.33,22.2
40,"04.02.2021 15:53:14",40,39.62,39.0625,39.34,22.2
40,"04.02.2021 15:53:18",40,39.62,39.0625,39.34,22.2
40,"04.02.2021 15:53:22",40,39.63,39.0625,39.34,22.2
40,"04.02.2021 15:53:26",40,39.63,39,39.34,22.2
40,"04.02.2021 15:53:30",40,39.63,39,39.35,22.2
40,"04.02.2021 15:53:34",40,39.63,39.0625,39.35,22.21
40,"04.02.2021 15:53:38",40,39.64,39.0625,39.35,22.21
40,"04.02.2021 15:53:42",40,39.64,39.0625,39.35,22.21
40,"04.02.2021 15:53:46",40,39.64,39.0625,39.35,22.21
40,"04.02.2021 15:53:49",40,39.64,39.0625,39.36,22.21
40,"04.02.2021 15:53:53",40,39.64,39.0625,39.36,22.21
40,"04.02.2021 15:53:57",40,39.65,39.0625,39.36,22.21
40,"04.02.2021 15:54:01",40,39.65,39.0625,39.36,22.21
40,"04.02.2021 15:54:05",40,39.65,39.0625,39.37,22.21
40,"04.02.2021 15:54:09",40,39.65,39.0625,39.37,22.2
40,"04.02.2021 15:54:13",40,39.66,39.0625,39.37,22.21
40,"04.02.2021 15:54:17",40,39.66,39.0625,39.37,22.21
40,"04.02.2021 15:54:21",40,39.66,39.0625,39.37,22.2
40,"04.02.2021 15:54:25",40,39.66,39.0625,39.38,22.21
40,"04.02.2021 15:54:29",40,39.66,39.0625,39.38,22.2
40,"04.02.2021 15:54:33",40,39.66,39.0625,39.38,22.2
40,"04.02.2021 15:54:37",40,39.66,39.0625,39.38,22.2
40,"04.02.2021 15:54:41",40,39.67,39.0625,39.38,22.2
40,"04.02.2021 15:54:45",40,39.67,39.0625,39.38,22.2
40,"04.02.2021 15:54:49",40,39.67,39.0625,39.39,22.2
40,"04.02.2021 15:54:52",40,39.67,39.0625,39.39,22.2
40,"04.02.2021 15:54:56",40,39.68,39.0625,39.39,22.2
40,"04.02.2021 15:55:00",40,39.68,39.0625,39.39,22.2
40,"04.02.2021 15:55:04",40,39.68,39.0625,39.39,22.2
40,"04.02.2021 15:55:08",40,39.68,39.0625,39.4,22.21
40,"04.02.2021 15:55:12",40,39.68,39.0625,39.4,22.21
40,"04.02.2021 15:55:16",40,39.68,39.125,39.4,22.2
40,"04.02.2021 15:55:20",40,39.68,39.0625,39.4,22.2
40,"04.02.2021 15:55:24",40,39.69,39.125,39.4,22.2
40,"04.02.2021 15:55:28",40,39.69,39.125,39.4,22.2
40,"04.02.2021 15:55:32",40,39.69,39.0625,39.41,22.2
40,"04.02.2021 15:55:36",40,39.69,39.0625,39.41,22.2
40,"04.02.2021 15:55:40",40,39.69,39.125,39.41,22.2
40,"04.02.2021 15:55:44",40,39.69,39.125,39.41,22.2
40,"04.02.2021 15:55:47",40,39.69,39.0625,39.41,22.2
40,"04.02.2021 15:55:51",40,39.7,39.125,39.41,22.2
40,"04.02.2021 15:55:55",40,39.7,39.125,39.41,22.2
40,"04.02.2021 15:55:59",40,39.7,39.125,39.42,22.2
40,"04.02.2021 15:56:03",40,39.7,39.125,39.42,22.2
40,"04.02.2021 15:56:07",40,39.7,39.125,39.42,22.18
40,"04.02.2021 15:56:11",40,39.7,39.125,39.42,22.18
40,"04.02.2021 15:56:15",40,39.7,39.0625,39.42,22.17
40,"04.02.2021 15:56:19",40,39.7,39.125,39.42,22.16
40,"04.02.2021 15:56:23",40,39.71,39.125,39.43,22.16
40,"04.02.2021 15:56:27",40,39.71,39.125,39.43,22.16
40,"04.02.2021 15:56:31",40,39.71,39.0625,39.43,22.16
40,"04.02.2021 15:56:35",40,39.71,39.125,39.43,22.16
40,"04.02.2021 15:56:39",40,39.71,39.125,39.43,22.16
40,"04.02.2021 15:56:42",40,39.71,39.125,39.43,22.16
40,"04.02.2021 15:56:46",40,39.71,39.125,39.43,22.16
40,"04.02.2021 15:56:50",40,39.71,39.125,39.43,22.16
40,"04.02.2021 15:56:54",40,39.72,39.125,39.43,22.16
40,"04.02.2021 15:56:58",40,39.72,39.125,39.44,22.17
40,"04.02.2021 15:57:02",40,39.72,39.125,39.44,22.18
40,"04.02.2021 15:57:06",40,39.72,39.125,39.44,22.18
40,"04.02.2021 15:57:10",40,39.72,39.125,39.44,22.18
40,"04.02.2021 15:57:14",40,39.72,39.125,39.44,22.18
40,"04.02.2021 15:57:18",40,39.72,39.125,39.44,22.18
40,"04.02.2021 15:57:22",40,39.72,39.125,39.44,22.18
40,"04.02.2021 15:57:26",40,39.72,39.125,39.44,22.18
40,"04.02.2021 15:57:30",40,39.72,39.125,39.44,22.18
40,"04.02.2021 15:57:34",40,39.73,39.125,39.45,22.18
40,"04.02.2021 15:57:37",40,39.73,39.125,39.45,22.18
40,"04.02.2021 15:57:41",40,39.73,39.125,39.45,22.18
40,"04.02.2021 15:57:45",40,39.73,39.125,39.45,22.18
40,"04.02.2021 15:57:49",40,39.73,39.125,39.45,22.18
40,"04.02.2021 15:57:53",40,39.73,39.125,39.45,22.18
40,"04.02.2021 15:57:57",40,39.73,39.125,39.45,22.18
40,"04.02.2021 15:58:01",40,39.73,39.125,39.45,22.18
40,"04.02.2021 15:58:05",40,39.73,39.125,39.45,22.18
40,"04.02.2021 15:58:09",40,39.73,39.125,39.45,22.18
40,"04.02.2021 15:58:13",40,39.73,39.125,39.46,22.18
40,"04.02.2021 15:58:17",40,39.74,39.125,39.46,22.18
40,"04.02.2021 15:58:21",40,39.74,39.125,39.46,22.18
40,"04.02.2021 15:58:25",40,39.74,39.125,39.46,22.18
40,"04.02.2021 15:58:29",40,39.74,39.1875,39.46,22.18
40,"04.02.2021 15:58:33",40,39.74,39.125,39.46,22.18
40,"04.02.2021 15:58:36",40,39.74,39.125,39.46,22.18
40,"04.02.2021 15:58:40",40,39.74,39.1875,39.46,22.18
40,"04.02.2021 15:58:44",40,39.74,39.1875,39.46,22.18
40,"04.02.2021 15:58:48",40,39.74,39.125,39.46,22.18
40,"04.02.2021 15:58:52",40,39.74,39.125,39.46,22.18
40,"04.02.2021 15:58:56",40,39.74,39.125,39.46,22.18
40,"04.02.2021 15:59:00",40,39.75,39.125,39.46,22.18
40,"04.02.2021 15:59:04",40,39.75,39.125,39.46,22.18
40,"04.02.2021 15:59:08",40,39.75,39.125,39.47,22.18
40,"04.02.2021 15:59:12",40,39.75,39.125,39.47,22.18
40,"04.02.2021 15:59:16",40,39.75,39.1875,39.47,22.18
40,"04.02.2021 15:59:20",40,39.75,39.125,39.47,22.18
40,"04.02.2021 15:59:24",40,39.75,39.125,39.47,22.18
40,"04.02.2021 15:59:28",40,39.75,39.125,39.47,22.18
40,"04.02.2021 15:59:31",40,39.75,39.1875,39.47,22.17
40,"04.02.2021 15:59:35",40,39.75,39.125,39.47,22.16
40,"04.02.2021 15:59:39",40,39.75,39.125,39.47,22.17
40,"04.02.2021 15:59:43",40,39.75,39.1875,39.47,22.16
40,"04.02.2021 15:59:47",40,39.75,39.125,39.47,22.16
40,"04.02.2021 15:59:51",40,39.75,39.125,39.47,22.16
40,"04.02.2021 15:59:55",40,39.75,39.125,39.47,22.17
40,"04.02.2021 15:59:59",40,39.75,39.1875,39.48,22.16
40,"04.02.2021 16:00:03",40,39.76,39.1875,39.48,22.16
40,"04.02.2021 16:00:07",40,39.76,39.125,39.48,22.16
40,"04.02.2021 16:00:11",40,39.76,39.1875,39.48,22.16
40,"04.02.2021 16:00:15",40,39.76,39.1875,39.48,22.16
40,"04.02.2021 16:00:19",40,39.76,39.1875,39.48,22.15
40,"04.02.2021 16:00:23",40,39.76,39.125,39.48,22.15
40,"04.02.2021 16:00:26",40,39.76,39.1875,39.48,22.15
40,"04.02.2021 16:00:30",40,39.76,39.1875,39.48,22.15
40,"04.02.2021 16:00:34",40,39.76,39.1875,39.48,22.16
40,"04.02.2021 16:00:38",40,39.76,39.1875,39.48,22.16
40,"04.02.2021 16:00:42",40,39.76,39.1875,39.48,22.15
40,"04.02.2021 16:00:46",40,39.76,39.1875,39.48,22.15
40,"04.02.2021 16:00:50",40,39.76,39.1875,39.48,22.15
40,"04.02.2021 16:00:54",40,39.76,39.1875,39.48,22.15
40,"04.02.2021 16:00:58",40,39.76,39.1875,39.48,22.14
40,"04.02.2021 16:01:02",40,39.76,39.125,39.49,22.15
40,"04.02.2021 16:01:06",40,39.76,39.125,39.49,22.14
40,"04.02.2021 16:01:10",40,39.77,39.1875,39.49,22.15
40,"04.02.2021 16:01:14",40,39.76,39.1875,39.49,22.15
40,"04.02.2021 16:01:18",40,39.77,39.1875,39.49,22.15
40,"04.02.2021 16:01:22",40,39.77,39.1875,39.49,22.15
40,"04.02.2021 16:01:25",40,39.77,39.1875,39.49,22.14
40,"04.02.2021 16:01:29",40,39.77,39.125,39.49,22.15
